{
    "pools": [
        {
            "rolls": 1,
            "entries": [
                {
                    "type": "minecraft:item",
                    "name": "minecraft:carrot_on_a_stick",
                    "functions": [
                        {
                            "function": "minecraft:set_nbt",
                            "tag": "{CustomModelData: 2220211, starwarspack:{on: 0b}}"
                        },
                        {
                            "function": "minecraft:set_nbt",
                            "tag": "{ctc: {id: 'blue_lightsaber', from: 'hexuar:starwarspack', traits: {'item': 1b, 'tool/weapon': 1b, 'weapon/lightsaber':1b}}}"
                        },
                        {
                          "function": "minecraft:set_name",
                          "name": {
                            "translate": "item.starwarspack.blue_lightsaber",
                            "italic": false,
                            "color": "white"
                          }
                        },
                        {
                          "function": "minecraft:set_lore",
                          "lore": [
                            {
                              "translate": "pack.starwarspack",
                              "color": "blue",
                              "italic": false
                            }
                          ]
                        }
                    ]
                }
            ]
        }
    ]
}