{
   "type":"sw:tatooine",
   "generator": {
        "type": "minecraft:noise",
        "seed": 31740912480,
        "biome_source": {
          "type": "minecraft:multi_noise",
          "seed": 0,
          "biomes": [
            {
              "biome": "minecraft:snowy_tundra",
              "parameters": {
                "altitude": 0,
                "weirdness": 0,
                "offset": 1,
                "temperature": 0.5,
                "humidity": -0.5
              }
            },
            {
              "biome": "minecraft:snowy_mountains",
              "parameters": {
                "altitude": 0,
                "weirdness": 0,
                "offset": 1,
                "temperature": 0.5,
                "humidity": -0.5
              }
            }
          ]
        },
        "settings": "minecraft:overworld"
      },
      "type": "minecraft:overworld"
    }