{
  "pools": [
    {
      "rolls": 1,
      "entries": [
        {
          "type": "minecraft:item",
          "name": "minecraft:honeycomb",
          "functions": [
            {
              "function": "minecraft:set_nbt",
              "tag": "{CustomModelData: 2220217}"
            },
            {
              "function": "minecraft:set_nbt",
              "tag": "{ctc: {id: 'credit_1000', from: 'hexuar:starwarspack', traits: {'item': 1b}}}"
            },
            {
              "function": "minecraft:set_name",
              "name": {
                "translate": "item.starwarspack.credit_1000",
                "color": "white",
                "italic": false
              }
            },
            {
              "function": "minecraft:set_lore",
              "lore": [
                {
                  "translate": "pack.starwarspack",
                  "color": "blue",
                  "italic": false
                }
              ]
            },
            {
              "function": "minecraft:set_count",
              "count": {
                "type": "minecraft:score",
                "target": "this",
                "score": "starwarspack.c_withdraw_1000"
              }
            }
          ]
        }
      ]
    }
  ]
}
