{
    "pools": [
        {
            "rolls": 1,
            "entries": [
              {
                "type": "minecraft:loot_table",
                "name": "starwarspack:items/kyber_crystal/white"
              }
            ]
           },
        {
        "rolls": 1,
        "entries": [
          {
            "type": "minecraft:loot_table",
            "name": "starwarspack:items/kyber_crystal/random"
          }
        ]
       },
        {
            "rolls": 1,
            "entries": [
                {
                    "type": "item",
                    "weight": 1,
                    "name": "minecraft:command_block",
                    "functions": [
                        {
                            "function": "set_nbt",
                            "tag": "{starwarspack.boss1dead:1b}"
                        }
                    ]
                }
            ]
        }
    ]
}
