{
  "pools": [
      {
          "rolls": 1,
          "entries": [
              {
                  "type": "minecraft:item",
                  "name": "minecraft:carrot_on_a_stick",
                  "functions": [
                      {
                          "function": "minecraft:set_nbt",
                          "tag": "{CustomModelData: 2220203}"
                      },
                      {
                          "function": "minecraft:set_nbt",
                          "tag": "{ctc: {id: 'sniper_rifle', from: 'hexuar:starwarspack', traits: {'item': 1b, 'tool/weapon': 1b}}}"
                      },
                      {
                        "function": "minecraft:set_name",
                        "name": {
                          "translate": "item.starwarspack.sniper_rifle",
                          "italic": false,
                          "color": "white"
                        }
                      },
                      {
                        "function": "minecraft:set_lore",
                        "lore": [
                          {
                            "translate": "pack.starwarspack",
                            "color": "blue",
                            "italic": true
                          }
                        ]
                      }
                  ]
              }
          ]
      }
  ]
}