{
  "bedrock_roof_position": -20,
  "bedrock_floor_position": 0,
  "sea_level": 16,
  "disable_mob_generation": false,
  "structures": {
    "structures": {}
  },
  "noise": {
    "random_density_offset": true,
    "density_factor": 1.0,
    "density_offset": -0.46875,
    "simplex_surface_noise": true,
	"amplified": false,
    "bottom_slide": {
      "target": -30,
      "size": 0,
      "offset": 0
    },
    "size_horizontal": 1,
    "size_vertical": 1,
    "height": 65,
    "sampling": {
      "xz_scale": 4,
      "y_scale": 0.1,
      "xz_factor": 1000.0,
      "y_factor": 1.0
    },
    "top_slide": {
      "target": -10,
      "size": 1,
      "offset": 0
    }
  },
  "default_block": {
    "Name": "minecraft:stone"
  },
  "default_fluid": {
    "Properties": {
      "level": "0"
    },
    "Name": "minecraft:water"
  }
}