{
    "__comment": "Made with TheDestruc7i0n's advancements generator: https://advancements.thedestruc7i0n.ca",
    "display": {
        "title": {
            "text": "A sword of light"
        },
        "description": {
            "text": "Construct your very own Lightsaber"
        },
        "icon": {
            "item": "minecraft:diamond_sword"
        },
        "frame": "goal",
        "show_toast": true,
        "announce_to_chat": true,
        "hidden": false
    },
    "criteria": {
        "impossible": {
            "trigger": "minecraft:impossible"
        }
    },
    "parent": "sw:l_crystals"
}