{
    "pools": [
        {
            "rolls": 1,
            "entries": [
                {
                    "type": "minecraft:item",
                    "name": "minecraft:honeycomb",
                    "functions": [
                        {
                            "function": "minecraft:set_nbt",
                            "tag": "{CustomModelData: 2220211, starwarspack: {'lvl': 2b}}"
                        },
                        {
                            "function": "minecraft:set_nbt",
                            "tag": "{ctc: {id: 'engine_lvl2', from: 'hexuar:starwarspack', traits: {'item': 1b}}}"
                        },
                        {
                          "function": "minecraft:set_name",
                          "name": {
                            "translate": "item.starwarspack.engine_lvl2",
                            "italic": false,
                            "color": "white"
                          }
                        },
                        {
                          "function": "minecraft:set_lore",
                          "lore": [
                            {
                              "translate": "pack.starwarspack",
                              "color": "blue",
                              "italic": true
                            }
                          ]
                        }
                    ]
                }
            ]
        }
    ]
}