{
    "pools": [
        {
            "rolls": 1,
            "entries": [
                {
                    "type": "item",
                    "weight": 1,
                    "name": "minecraft:honeycomb",
                    "functions": [
                        {
                            "function": "minecraft:set_nbt",
                            "tag": "{CustomModelData: 2220217}"
                          },
                          {
                            "function": "minecraft:set_nbt",
                            "tag": "{ctc: {id: 'credit_1000', from: 'hexuar:starwarspack', traits: {'item': 1b}}}"
                          },
                          {
                            "function": "minecraft:set_name",
                            "name": {
                              "translate": "item.starwarspack.credit_1000",
                              "color": "white",
                              "italic": false
                            }
                          },
                          {
                            "function": "minecraft:set_lore",
                            "lore": [
                              {
                                "translate": "pack.starwarspack",
                                "color": "blue",
                                "italic": false
                              }
                            ]
                          },
                          {
                              "function": "minecraft:set_count",
                              "count": 10
                          }
                    ]
                }
            ]
        },
        {
            "rolls": 1,
            "entries": [
                {
                    "type": "item",
                    "weight": 1,
                    "name": "minecraft:command_block",
                    "functions": [
                        {
                            "function": "set_nbt",
                            "tag": "{starwarspack.boss3dead:1b}"
                        }
                    ]
                }
            ]
        }
    ]
}
