{
    "pools": [
        {
            "rolls": 1,
            "entries": [
                {
                    "type": "item",
                    "weight": 1,
                    "name": "minecraft:carrot_on_a_stick",
                    "functions": [
                        {
                            "function": "set_nbt",
                            "tag": "{display:{Name:'{\"text\":\"Kylo Ren boss Lightsaber\",\"italic\":false}'},CustomModelData:2220220,ctc:{id: 'red_crossguard_lightsaber',from:'hexuar:starwarspack'},starwarspack:{on: 0b},lightsaber:1b}"
                        }
                    ]
                }
            ]
        },
        {
        "rolls": 1,
        "entries": [
          {
            "type": "minecraft:loot_table",
            "name": "starwarspack:items/kyber_crystal/random"
          }
        ]
       },
        {
            "rolls": 1,
            "entries": [
                {
                    "type": "item",
                    "weight": 1,
                    "name": "minecraft:command_block",
                    "functions": [
                        {
                            "function": "set_nbt",
                            "tag": "{starwarspack.boss1dead:1b}"
                        }
                    ]
                }
            ]
        }
    ]
}
