{
    "pools": [
        {
            "rolls": 1,
            "entries": [
                {
                    "type": "item",
                    "weight": 1,
                    "name": "minecraft:command_block",
                    "functions": [
                        {
                            "function": "set_nbt",
                            "tag": "{speeder_dead:1b}"
                        }
                    ]
                }
            ]
        }
    ]
}