   {
        "type": "minecraft:crafting_shaped",
        "pattern": [
            " 11",
            "534",
            "  2"
        ],
        "key": {
            "1": {
                "item": "iron_ingot"
            },
            "2": {
                "item": "tripwire_hook"
            },
            "3": {
                "item": "end_rod"
            },
            "4": {
                "item": "ender_eye"
            },
            "5": {
                "item": "diamond"
            }
            },
        "result": {
            "item": "knowledge_book"
        }
    }