   {
        "type": "minecraft:crafting_shaped",
        "pattern": [
            "323",
            "414",
            "323"
        ],
        "key": {
            "1": {
                "item": "netherite_ingot"
            },
            "2": {
                "item": "redstone"
            },
            "3": {
                "item": "iron_nugget"
            },
            "4": {
                "item": "gold_nugget"
            }
            },
        "result": {
            "item": "knowledge_book"
        }
    }