{
    "pools": [
        {
            "rolls": 2,
            "entries": [
                {
                    "type": "item",
                    "weight": 1,
                    "name": "minecraft:iron_ingot",
                    "functions": [
                        {
                            "function": "looting_enchant",
                            "count": 1
                        }
                    ]
                },
                {
                    "type": "item",
                    "weight": 1,
                    "name": "minecraft:redstone",
                    "functions": [
                        {
                            "function": "looting_enchant",
                            "count": {
                                "min": 1,
                                "max": 2
                            }
                        }
                    ]
                }
            ]
        },
        {
            "rolls": 1,
            "entries": [
                {
                    "type": "item",
                    "weight": 1,
                    "name": "minecraft:command_block",
                    "functions": [
                        {
                            "function": "set_nbt",
                            "tag": "{starwarspack:{b1_commander_dead:1b}}"
                        }
                    ]
                }
            ]
        }
    ]
}
