{
  "surface_builder": "minecraft:grass",
  "depth": 0.125,
  "scale": 0.2,
  "temperature": 0.8,
  "downfall": 0.5,
  "precipitation": "none",
  "category": "none",
  "player_spawn_friendly": false,
  "effects": {
    "sky_color": 7907327,
    "fog_color": 12638463,
    "water_color": 6388580,
    "water_fog_color": 2302743,
    "grass_color_modifier": "swamp",
    "mood_sound": {
      "sound": "minecraft:ambient.cave",
      "tick_delay": 6000,
      "block_search_extent": 8,
      "offset": 2
    }
  },
  "starts": [],
  "spawners": {},
  "spawn_costs": {},
  "carvers": {
    "air": [
      "minecraft:cave",
      "minecraft:canyon"
    ]
  },
  "features": [
    [],
    [
      "minecraft:lake_water",
      "minecraft:lake_lava"
    ],
    [
      "minecraft:forest_rock"
    ],
    [],
    [],
    [],
    [
      "minecraft:ore_dirt",
      "minecraft:ore_gravel",
      "minecraft:ore_granite",
      "minecraft:ore_diorite",
      "minecraft:ore_andesite",
      "minecraft:ore_iron",
      "minecraft:ore_gold",
      "minecraft:ore_redstone",
      "minecraft:ore_diamond",
      "minecraft:ore_lapis",
      "minecraft:disk_sand",
      "minecraft:disk_clay",
      "minecraft:disk_gravel"
    ],
    [],
    [
      "minecraft:patch_waterlilly",
      "minecraft:trees_swamp",
      "minecraft:trees_jungle",
      "minecraft:patch_grass_jungle",
      "minecraft:patch_grass_jungle",
      "minecraft:vines"
    ],
    []
  ]
}
