{
  "surface_builder": "minecraft:endor_forest",
  "depth": 0.125,
  "scale": 0.4,
  "temperature": 0.5,
  "downfall": 0.5,
  "precipitation": "none",
  "category": "none",
  "player_spawn_friendly": false,
  "effects": {
    "sky_color": 7907327,
    "fog_color": 12638463,
    "water_color": 4159204,
    "water_fog_color": 329011,
    "mood_sound": {
      "sound": "minecraft:ambient.cave",
      "tick_delay": 6000,
      "block_search_extent": 8,
      "offset": 2
    }
  },
  "starts": [
    "minecraft:pillager_outpost",
    "minecraft:stronghold",
    "minecraft:ruined_portal"
  ],
  "spawners": {
    "water_ambient": [],
    "ambient": [],
    "misc": [],
    "water_creature": [],
    "creature": [
      {
        "type": "minecraft:rabbit",
        "weight": 10,
        "minCount": 3,
        "maxCount": 6
      }
    ],
    "monster": []
  },
  "spawn_costs": {},
  "carvers": {
    "air": [
      "minecraft:cave",
      "minecraft:canyon"
    ]
  },
  "features": [
    [],
    [
      "minecraft:lake_water",
      "minecraft:lake_lava"
    ],
    [
      "minecraft:forest_rock"
    ],
    [],
    [],
    [],
    [
      "minecraft:ore_dirt",
      "minecraft:ore_gravel",
      "minecraft:ore_granite",
      "minecraft:ore_diorite",
      "minecraft:ore_andesite",
      "minecraft:ore_iron",
      "minecraft:ore_gold",
      "minecraft:ore_redstone",
      "minecraft:ore_diamond",
      "minecraft:ore_lapis",
      "minecraft:disk_sand",
      "minecraft:disk_clay",
      "minecraft:disk_gravel"
    ],
    [],
    [
      "minecraft:trees_giant",
      "minecraft:trees_jungle",
      "minecraft:trees_giant_spruce",
      "minecraft:patch_grass_jungle",
      "minecraft:patch_large_fern",
      "minecraft:patch_grass_jungle",
      "minecraft:vines"
    ],
    []
  ]
}
