{
  "surface_builder": "minecraft:geonosis_hills",
  "depth": 2,
  "scale": 1,
  "temperature": 1,
  "downfall": 0,
  "precipitation": "none",
  "temperature_modifier": "none",
  "category": "desert",
  "effects": {
    "sky_color": 7907327,
    "fog_color": 12638463,
    "water_color": 4159204,
    "water_fog_color": 329011
  },
  "starts": [],
  "spawners": {
    "monster": [
      {
        "type": "minecraft:pillager",
        "weight": 1,
        "minCount": 2,
        "maxCount": 4
      }
    ]
  },
  "spawn_costs": {},
  "carvers": {},
  "features": []
}
