{
  "surface_builder": "minecraft:hoth",
  "depth": 0.5,
  "scale": 0.3,
  "temperature": 0.1,
  "downfall": 1,
  "precipitation": "snow",
  "temperature_modifier": "none",
  "category": "desert",
  "effects": {
    "sky_color": 7907327,
    "fog_color": 12638463,
    "water_color": 3750089,
    "water_fog_color": 329011
  },
  "starts": [],
  "spawners": {
    "monster": [
      {
        "type": "minecraft:pillager",
        "weight": 1,
        "minCount": 1,
        "maxCount": 1
      },
      {
        "type": "minecraft:zombie",
        "weight": 2,
        "minCount": 1,
        "maxCount": 1
      },
      {
        "type": "minecraft:zombie_villager",
        "weight": 3,
        "minCount": 1,
        "maxCount": 1
      }
    ]
  },
  "spawn_costs": {},
  "carvers": {},
  "features": [
    [
      "minecraft:freeze_top_layer"
    ]
  ]
}
