{
  "surface_builder": "minecraft:mustafar_hills",
  "depth": -1,
  "scale": 0.4,
  "temperature": 1,
  "downfall": 0,
  "precipitation": "none",
  "temperature_modifier": "none",
  "category": "nether",
  "effects": {
    "sky_color": 6775396,
    "fog_color": 6775396,
    "water_color": 4159204,
    "water_fog_color": 329011,
    "grass_color": 2171169,
    "foliage_color": 2171169,
    "particle": {
      "options": {
        "type": "minecraft:white_ash"
      },
      "probability": 0.05
    }
  },
  "starts": [],
  "spawners": {},
  "spawn_costs": {},
  "carvers": {},
  "features": []
}
