{
  "surface_builder": "minecraft:grass",
  "depth": 1.2,
  "scale": 0,
  "temperature": 0.7,
  "downfall": 0,
  "precipitation": "none",
  "temperature_modifier": "none",
  "category": "desert",
  "effects": {
    "sky_color": 7907327,
    "fog_color": 12638463,
    "water_color": 4159204,
    "water_fog_color": 329011
  },
  "starts": [],
  "spawners": {
    "creature": [
      {
        "type": "minecraft:rabbit",
        "weight": 3,
        "minCount": 2,
        "maxCount": 6
      }
    ]
  },
  "spawn_costs": {},
  "carvers": {},
  "features": [
    [],
    [
      "minecraft:lake_water",
      "minecraft:lake_lava"
    ],
    [
      "minecraft:amethyst_geode"
    ],
    [
      "minecraft:monster_room"
    ],
    [],
    [],
    [
      "minecraft:ore_dirt",
      "minecraft:ore_gravel",
      "minecraft:ore_granite",
      "minecraft:ore_diorite",
      "minecraft:ore_andesite",
      "minecraft:ore_tuff",
      "minecraft:ore_deepslate",
      "minecraft:ore_coal",
      "minecraft:ore_iron",
      "minecraft:ore_gold",
      "minecraft:ore_redstone",
      "minecraft:ore_diamond",
      "minecraft:ore_lapis",
      "minecraft:ore_copper",
      "minecraft:disk_sand",
      "minecraft:disk_clay",
      "minecraft:disk_gravel"
    ],
    [
      "minecraft:rare_dripstone_cluster",
      "minecraft:rare_small_dripstone"
    ],
    [
      "minecraft:naboo_forest_vegetation",
      "minecraft:forest_flower_vegetation",
      "minecraft:glow_lichen",
      "minecraft:flower_default",
      "minecraft:patch_grass_forest",
      "minecraft:brown_mushroom_normal",
      "minecraft:red_mushroom_normal",
      "minecraft:patch_sugar_cane",
      "minecraft:patch_pumpkin",
      "minecraft:spring_water",
      "minecraft:spring_lava"
    ],
    [
      "minecraft:freeze_top_layer"
    ]
  ]
}
