{
  "surface_builder": "minecraft:tatooine",
  "depth": 0,
  "scale": 0,
  "temperature": 1,
  "downfall": 0,
  "precipitation": "none",
  "temperature_modifier": "none",
  "category": "desert",
  "effects": {
    "sky_color": 7907327,
    "fog_color": 12638463,
    "water_color": 4159204,
    "water_fog_color": 329011
  },
  "starts": [
    "minecraft:village_desert"
  ],
  "spawners": {
    "ambient": [
      {
        "type": "minecraft:spider",
        "weight": 1,
        "minCount": 1,
        "maxCount": 1
      },
      {
        "type": "minecraft:rabbit",
        "weight": 1,
        "minCount": 1,
        "maxCount": 1
      },
      {
        "type": "minecraft:piglin",
        "weight": 1,
        "minCount": 1,
        "maxCount": 1
      }
    ]
  },
  "spawn_costs": {},
  "carvers": {},
  "features": []
}
