{
  "surface_builder": "minecraft:tatooine",
  "depth": 0.125,
  "scale": 0.1,
  "temperature": 1,
  "downfall": 0,
  "precipitation": "none",
  "temperature_modifier": "none",
  "category": "desert",
  "effects": {
    "sky_color": 7907327,
    "fog_color": 12638463,
    "water_color": 4159204,
    "water_fog_color": 329011
  },
  "starts": [],
  "spawners": {
    "creature": [
      {
        "type": "minecraft:spider",
        "weight": 1,
        "minCount": 1,
        "maxCount": 1
      },
      {
        "type": "minecraft:rabbit",
        "weight": 1,
        "minCount": 1,
        "maxCount": 1
      },
      {
        "type": "minecraft:pillager",
        "weight": 1,
        "minCount": 1,
        "maxCount": 1
      }
    ],
    "ambient": [
      
      {
        "type": "minecraft:piglin",
        "weight": 1,
        "minCount": 1,
        "maxCount": 1
      }
    ]
  },
  "spawn_costs": {
    "minecraft:piglin": {
      "energy_budget": 7,
      "charge": 10
    },
    "minecraft:pig": {
      "energy_budget": 7,
      "charge": 10
    },
    "minecraft:cow": {
      "energy_budget": 7,
      "charge": 10
    },
    "minecraft:pillager": {
      "energy_budget": 7,
      "charge": 10
    }
  },
  "carvers": {},
  "features": []
}
