{
  "type":"sw:mustafar",
      "generator": {
        "type": "minecraft:noise",
        "seed": 0,
        "biome_source": {
          "type": "minecraft:multi_noise",
          "seed": 0,
          "biomes": [
            {
              "biome": "minecraft:basalt_deltas",
              "parameters": {
                "altitude": 0,
                "weirdness": 0,
                "offset": 1,
                "temperature": 0.5,
                "humidity": -0.5
              }
            },
            {
              "biome": "minecraft:soul_sand_valley",
              "parameters": {
                "altitude": 0,
                "weirdness": 0,
                "offset": 1,
                "temperature": 0.5,
                "humidity": -0.5
              }
            }
          ]
        },
        "settings": "minecraft:overworld"
      },
      "type": "minecraft:the_nether"
    }