{
   "type":"sw:naboo",
   "generator": {
        "type": "minecraft:noise",
        "seed": 0,
        "biome_source": {
          "type": "minecraft:multi_noise",
          "seed": 0,
          "biomes": [
            {
              "biome": "minecraft:plains",
              "parameters": {
                "altitude": 0,
                "weirdness": 0,
                "offset": 0,
                "temperature": 0,
                "humidity": 0
              }
            },
            {
              "biome": "minecraft:wooded_hills",
              "parameters": {
                "altitude": 0,
                "weirdness": 0,
                "offset": 0,
                "temperature": 0,
                "humidity": 0
              }
            },
            {
              "biome": "minecraft:lukewarm_ocean",
              "parameters": {
                "altitude": 0,
                "weirdness": 0,
                "offset": 0,
                "temperature": 0,
                "humidity": 0
              }
            },
            {
              "biome": "minecraft:river",
              "parameters": {
                "altitude": 0,
                "weirdness": 0,
                "offset": 0,
                "temperature": 0,
                "humidity": 0
              }
            }
          ]
        },
        "settings": "minecraft:amplified"
      },
      "type": "minecraft:overworld"
    }