{
  "type": {
    "name": "minecraft:space",
    "ultrawarm": false,
    "natural": true,
    "piglin_safe": false,
    "respawn_anchor_works": true,
    "bed_works": true,
    "has_raids": true,
    "has_skylight": true,
    "has_ceiling": false,
    "coordinate_scale": 1,
    "ambient_light": 0,
    "fixed_time": 0,
    "logical_height": 352,
    "effects": "minecraft:the_end",
    "infiniburn": "minecraft:infiniburn_overworld",
    "min_y": -32,
    "height": 352
  },
  "generator": {
    "type": "minecraft:noise",
    "seed": 1676182076,
    "settings": {
      "name": "minecraft:space",
      "bedrock_roof_position": -42,
      "bedrock_floor_position": -42,
      "sea_level": 0,
      "min_surface_level": 0,
      "disable_mob_generation": false,
      "noise_caves_enabled": false,
      "noodle_caves_enabled": false,
      "aquifers_enabled": false,
      "deepslate_enabled": false,
      "ore_veins_enabled": false,
      "default_block": {
        "Name": "minecraft:air"
      },
      "default_fluid": {
        "Name": "minecraft:water",
        "Properties": {
          "level": "0"
        }
      },
      "noise": {
        "min_y": -32,
        "height": 352,
        "density_factor": 1,
        "density_offset": -0.46875,
        "size_horizontal": 1,
        "size_vertical": 2,
        "simplex_surface_noise": true,
        "random_density_offset": true,
        "sampling": {
          "xz_scale": 1,
          "y_scale": 1,
          "xz_factor": 80,
          "y_factor": 160
        },
        "bottom_slide": {
          "target": 0,
          "size": 0,
          "offset": 0
        },
        "top_slide": {
          "target": 0,
          "size": 0,
          "offset": 0
        }
      },
      "structures": {
        "structures": {}
      }
    },
    "biome_source": {
      "type": "minecraft:multi_noise",
      "seed": 1676182076,
      "altitude_noise": {
        "firstOctave": -7,
        "amplitudes": [
          1,
          1
        ]
      },
      "temperature_noise": {
        "firstOctave": -7,
        "amplitudes": [
          1,
          1
        ]
      },
      "humidity_noise": {
        "firstOctave": -7,
        "amplitudes": [
          1,
          1
        ]
      },
      "weirdness_noise": {
        "firstOctave": -7,
        "amplitudes": [
          1,
          1
        ]
      },
      "biomes": [
        {
          "biome": "minecraft:empty_space",
          "parameters": {
            "altitude": 0,
            "temperature": 0,
            "humidity": 0,
            "weirdness": 0,
            "offset": 0
          }
        },
        {
          "biome": "minecraft:asteroid_delta",
          "parameters": {
            "altitude": 0,
            "temperature": 0,
            "humidity": 0,
            "weirdness": 0.4,
            "offset": 0
          }
        },
        {
          "biome": "minecraft:asteroid_field",
          "parameters": {
            "altitude": 0,
            "temperature": 0,
            "humidity": 0,
            "weirdness": 0.6,
            "offset": 0
          }
        },
        {
          "biome": "minecraft:big_asteroid_field",
          "parameters": {
            "altitude": 0,
            "temperature": 0,
            "humidity": 0,
            "weirdness": 0.9,
            "offset": 0
          }
        }
      ]
    }
  }
}
