{
   "type":"sw:geneosis",
   "generator": {
        "type": "minecraft:noise",
        "seed": 0,
        "biome_source": {
          "type": "minecraft:multi_noise",
          "seed": 940323,
          "biomes": [
            {
              "biome": "minecraft:badlands",
              "parameters": {
                "altitude": 0.5,
                "weirdness": 0.2,
                "offset": 1,
                "temperature": -0.25,
                "humidity": -0.5
              }
            },
            {
              "biome": "minecraft:badlands_plateau",
              "parameters": {
                "altitude": 0.65,
                "weirdness": 0.2,
                "offset": 1,
                "temperature": -0.25,
                "humidity": -0.5
              }
            },
            {
              "biome": "minecraft:eroded_badlands",
              "parameters": {
                "altitude": 0.65,
                "weirdness": 0.2,
                "offset": 1,
                "temperature": -0.25,
                "humidity": -0.5
              }
            }
          ]
        },
        "settings": "minecraft:overworld"
      },
      "type": "minecraft:overworld"
    }