{
    "__comment": "Made with TheDestruc7i0n's advancements generator: https://advancements.thedestruc7i0n.ca",
    "display": {
        "title": {
            "text": "Heavilly armed"
        },
        "description": {
            "text": "Get that helmet"
        },
        "icon": {
            "item": "minecraft:carved_pumpkin",
            "nbt": "{CustomModelData:2220201}"
        },
        "frame": "task",
        "show_toast": true,
        "announce_to_chat": true,
        "hidden": false
    },
    "criteria": {
        "Trigger": {
            "trigger": "minecraft:inventory_changed",
            "conditions": {
                "items": [
                    {
                        "item": "minecraft:carved_pumpkin",
                        "nbt": "{ctc: {id: 'rebel_helmet', from: 'hexuar:starwarspack'}}"
                    }
                ]
            }
        }
    },
    "parent": "starwarspack:r_fire_blaster"
}
