{
  "type": "minecraft:endor",
  "generator": {
    "type": "minecraft:noise",
    "seed": 12847892,
    "biome_source": {
   "humidity_noise": {
      "firstOctave": -7,
      "amplitudes": [
        1.0,
        1.0
      ]
    },
    "altitude_noise": {
      "firstOctave": -7,
      "amplitudes": [
        1.0,
        1.0
      ]
    },
    "weirdness_noise": {
      "firstOctave": -7,
      "amplitudes": [
        1.0,
        1.0
      ]
    },
    "temperature_noise": {
      "firstOctave": -7,
      "amplitudes": [
        1.0,
        1.0
      ]
    },
      "type": "minecraft:multi_noise",
      "seed": 12847892,
      "biomes": [
        {
          "biome": "minecraft:endor",
          "parameters": {
            "altitude": 0,
            "temperature": 0.5,
            "humidity": 1,
            "weirdness": 0,
            "offset": 0
          }
        }
      ]
    },
    "settings": "minecraft:endor"
  }
}