   {
        "type": "minecraft:crafting_shaped",
        "pattern": [
            "434",
            "212",
            "565"
        ],
        "key": {
            "1": {
                "item": "beacon"
            },
            "2": {
                "item": "end_crystal"
            },
            "3": {
                "item": "ender_eye"
            },
            "4": {
                "item": "repeater"
            },
            "5": {
                "item": "observer"
            },
            "6": {
                "item": "blast_furnace"
            }
            },
        "result": {
            "item": "knowledge_book"
        }
    }