   {
        "type": "minecraft:crafting_shaped",
        "pattern": [
            "  3",
            "222",
            " 14"
        ],
        "key": {
            "1": {
                "item": "coal_block"
            },
            "2": {
                "item": "iron_ingot"
            },
            "3": {
                "item": "redstone"
            },
            "4": {
                "item": "repeater"
            }
            },
        "result": {
            "item": "knowledge_book"
        }
    }