{
    "__comment": "Made with TheDestruc7i0n's advancements generator: https://advancements.thedestruc7i0n.ca",
    "display": {
        "title": {
            "text": "Grandmaster"
        },
        "description": {
            "text": "The most experienced jedi"
        },
        "icon": {
            "item": "minecraft:diamond"
        },
        "frame": "challenge",
        "show_toast": true,
        "announce_to_chat": true,
        "hidden": false
    },
    "criteria": {
        "impossible": {
            "trigger": "minecraft:impossible"
        }
    },
    "parent": "sw:l_jedi_master_of_the_order"
}