{
    "__comment": "Made with TheDestruc7i0n's advancements generator: https://advancements.thedestruc7i0n.ca",
    "display": {
        "title": {
            "text": "Trooper"
        },
        "description": {
            "text": "The bulk of the empires soldiers"
        },
        "icon": {
            "item": "minecraft:carved_pumpkin",
            "nbt": "{CustomModelData:274658}"
        },
        "frame": "task",
        "show_toast": true,
        "announce_to_chat": true,
        "hidden": false
    },
    "criteria": {
        "Trigger": {
            "trigger": "minecraft:impossible"
        }
    },
    "parent": "sw:stormtrooper"
}