   {
        "type": "minecraft:crafting_shaped",
        "pattern": [
            "323",
            "414",
            "323"
        ],
        "key": {
            "1": {
                "item": "daylight_detector"
            },
            "2": {
                "item": "redstone"
            },
            "3": {
                "item": "iron_block"
            },
            "4": {
                "item": "diamond_block"
            }
            },
        "result": {
            "item": "knowledge_book"
        }
    }