{
    "pools": [
      {
        "rolls": 1,
        "entries": [
          {
            "type": "minecraft:loot_table",
            "name": "starwarspack:items/kyber_crystal/black"
          },
          {
            "type": "minecraft:loot_table",
            "name": "starwarspack:items/kyber_crystal/blue"
          },
          {
            "type": "minecraft:loot_table",
            "name": "starwarspack:items/kyber_crystal/green"
          },
          {
            "type": "minecraft:loot_table",
            "name": "starwarspack:items/kyber_crystal/orange"
          },
          {
            "type": "minecraft:loot_table",
            "name": "starwarspack:items/kyber_crystal/purple"
          },
          {
            "type": "minecraft:loot_table",
            "name": "starwarspack:items/kyber_crystal/red"
          },
          {
            "type": "minecraft:loot_table",
            "name": "starwarspack:items/kyber_crystal/white"
          },
          {
            "type": "minecraft:loot_table",
            "name": "starwarspack:items/kyber_crystal/yellow"
          }
        ]
      }
    ]
  }
  