{
    "type": "starwarspack:tatooine",
    "generator": {
      "type": "minecraft:noise",
      "seed": -802920228,
      "settings": {
        "sea_level": 0,
        "disable_mob_generation": false,
        "aquifers_enabled": true,
        "ore_veins_enabled": true,
        "legacy_random_source": false,
        "default_block": {
          "Name": "minecraft:stone"
        },
        "default_fluid": {
          "Name": "minecraft:water",
          "Properties": {
            "level": "0"
          }
        },
        "noise": {
          "min_y": -64,
          "height": 384,
          "size_horizontal": 1,
          "size_vertical": 2,
          "sampling": {
            "xz_scale": 0.9999999814507745,
            "y_scale": 0.9999999814507745,
            "xz_factor": 80,
            "y_factor": 160
          },
          "bottom_slide": {
            "target": 0.1171875,
            "size": 3,
            "offset": 0
          },
          "top_slide": {
            "target": -0.078125,
            "size": 2,
            "offset": 8
          },
          "terrain_shaper": {
            "offset": 0,
            "factor": 0,
            "jaggedness": 0
          }
        },
        "noise_router": {
          "final_density": {
            "argument1": {
              "argument": {
                "argument1": 0.64,
                "argument2": {
                  "argument": {
                    "argument": {
                      "argument": {
                        "max_exclusive": 1.5625,
                        "when_in_range": {
                          "argument1": "minecraft:overworld/sloped_cheese",
                          "argument2": {
                            "argument1": 5.0,
                            "argument2": "minecraft:overworld/caves/entrances",
                            "type": "minecraft:mul"
                          },
                          "type": "minecraft:min"
                        },
                        "when_out_of_range": {
                          "argument1": {
                            "argument1": {
                              "argument1": {
                                "argument1": {
                                  "argument1": 4.0,
                                  "argument2": {
                                    "argument": {
                                      "noise": "minecraft:cave_layer",
                                      "xz_scale": 1.0,
                                      "y_scale": 8.0,
                                      "type": "minecraft:noise"
                                    },
                                    "type": "minecraft:square"
                                  },
                                  "type": "minecraft:mul"
                                },
                                "argument2": {
                                  "argument1": {
                                    "input": {
                                      "argument1": 0.27,
                                      "argument2": {
                                        "noise": "minecraft:cave_cheese",
                                        "xz_scale": 1.0,
                                        "y_scale": 0.6666666666666666,
                                        "type": "minecraft:noise"
                                      },
                                      "type": "minecraft:add"
                                    },
                                    "min": -1.0,
                                    "max": 1.0,
                                    "type": "minecraft:clamp"
                                  },
                                  "argument2": {
                                    "input": {
                                      "argument1": 1.5,
                                      "argument2": {
                                        "argument1": -0.64,
                                        "argument2": "minecraft:overworld/sloped_cheese",
                                        "type": "minecraft:mul"
                                      },
                                      "type": "minecraft:add"
                                    },
                                    "min": 0.0,
                                    "max": 0.5,
                                    "type": "minecraft:clamp"
                                  },
                                  "type": "minecraft:add"
                                },
                                "type": "minecraft:add"
                              },
                              "argument2": "minecraft:overworld/caves/entrances",
                              "type": "minecraft:min"
                            },
                            "argument2": {
                              "argument1": "minecraft:overworld/caves/spaghetti_2d",
                              "argument2": "minecraft:overworld/caves/spaghetti_roughness_function",
                              "type": "minecraft:add"
                            },
                            "type": "minecraft:min"
                          },
                          "argument2": {
                            "max_exclusive": 0.03,
                            "when_in_range": -1000000.0,
                            "when_out_of_range": "minecraft:overworld/caves/pillars",
                            "input": "minecraft:overworld/caves/pillars",
                            "min_inclusive": -1000000.0,
                            "type": "minecraft:range_choice"
                          },
                          "type": "minecraft:max"
                        },
                        "input": "minecraft:overworld/sloped_cheese",
                        "min_inclusive": -1000000.0,
                        "type": "minecraft:range_choice"
                      },
                      "type": "minecraft:slide"
                    },
                    "type": "minecraft:blend_density"
                  },
                  "type": "minecraft:interpolated"
                },
                "type": "minecraft:mul"
              },
              "type": "minecraft:squeeze"
            },
            "argument2": "minecraft:overworld/caves/noodle",
            "type": "minecraft:min"
          },
          "vein_toggle": {
            "argument": {
              "max_exclusive": 51.0,
              "when_in_range": {
                "noise": "minecraft:ore_veininess",
                "xz_scale": 1.5,
                "y_scale": 1.5,
                "type": "minecraft:noise"
              },
              "when_out_of_range": 0.0,
              "input": "minecraft:y",
              "min_inclusive": -60.0,
              "type": "minecraft:range_choice"
            },
            "type": "minecraft:interpolated"
          },
          "vein_ridged": {
            "argument1": -0.07999999821186066,
            "argument2": {
              "argument1": {
                "argument": {
                  "argument": {
                    "max_exclusive": 51.0,
                    "when_in_range": {
                      "noise": "minecraft:ore_vein_a",
                      "xz_scale": 4.0,
                      "y_scale": 4.0,
                      "type": "minecraft:noise"
                    },
                    "when_out_of_range": 0.0,
                    "input": "minecraft:y",
                    "min_inclusive": -60.0,
                    "type": "minecraft:range_choice"
                  },
                  "type": "minecraft:interpolated"
                },
                "type": "minecraft:abs"
              },
              "argument2": {
                "argument": {
                  "argument": {
                    "max_exclusive": 51.0,
                    "when_in_range": {
                      "noise": "minecraft:ore_vein_b",
                      "xz_scale": 4.0,
                      "y_scale": 4.0,
                      "type": "minecraft:noise"
                    },
                    "when_out_of_range": 0.0,
                    "input": "minecraft:y",
                    "min_inclusive": -60.0,
                    "type": "minecraft:range_choice"
                  },
                  "type": "minecraft:interpolated"
                },
                "type": "minecraft:abs"
              },
              "type": "minecraft:max"
            },
            "type": "minecraft:add"
          },
          "vein_gap": {
            "noise": "minecraft:ore_gap",
            "xz_scale": 1.0,
            "y_scale": 1.0,
            "type": "minecraft:noise"
          },
          "erosion": "minecraft:overworld/erosion",
          "depth": "minecraft:overworld/depth",
          "ridges": "minecraft:overworld/ridges",
          "initial_density_without_jaggedness": {
            "argument1": 4.0,
            "argument2": {
              "argument": {
                "argument1": "minecraft:overworld/depth",
                "argument2": {
                  "argument": "minecraft:overworld/factor",
                  "type": "minecraft:cache_2d"
                },
                "type": "minecraft:mul"
              },
              "type": "minecraft:quarter_negative"
            },
            "type": "minecraft:mul"
          },
          "lava": {
            "noise": "minecraft:aquifer_lava",
            "xz_scale": 1.0,
            "y_scale": 1.0,
            "type": "minecraft:noise"
          },
          "temperature": {
            "xz_scale": 0.25,
            "y_scale": 0.0,
            "noise": "minecraft:temperature",
            "shift_x": "minecraft:shift_x",
            "shift_y": 0.0,
            "shift_z": "minecraft:shift_z",
            "type": "minecraft:shifted_noise"
          },
          "vegetation": {
            "xz_scale": 0.25,
            "y_scale": 0.0,
            "noise": "minecraft:vegetation",
            "shift_x": "minecraft:shift_x",
            "shift_y": 0.0,
            "shift_z": "minecraft:shift_z",
            "type": "minecraft:shifted_noise"
          },
          "continents": "minecraft:overworld/continents",
          "barrier": {
            "noise": "minecraft:aquifer_barrier",
            "xz_scale": 1.0,
            "y_scale": 0.5,
            "type": "minecraft:noise"
          },
          "fluid_level_floodedness": {
            "noise": "minecraft:aquifer_fluid_level_floodedness",
            "xz_scale": 1.0,
            "y_scale": 0.67,
            "type": "minecraft:noise"
          },
          "fluid_level_spread": {
            "noise": "minecraft:aquifer_fluid_level_spread",
            "xz_scale": 1.0,
            "y_scale": 0.7142857142857143,
            "type": "minecraft:noise"
          }
        },
        "surface_rule": {
          "type": "minecraft:sequence",
          "sequence": []
        }
      },
      "biome_source": {
        "type": "minecraft:fixed",
        "biome": "minecraft:desert"
      }
    }
  }
  