{
    "__comment": "Made with TheDestruc7i0n's advancements generator: https://advancements.thedestruc7i0n.ca",
    "display": {
        "title": {
            "text": "Pushin'"
        },
        "description": {
            "text": "Use the force and push some cows!"
        },
        "icon": {
            "item": "minecraft:piston"
        },
        "frame": "task",
        "show_toast": true,
        "announce_to_chat": true,
        "hidden": false
    },
    "criteria": {
        "impossible": {
            "trigger": "minecraft:impossible"
        }
    },
    "parent": "starwarspack:the_light_side"
}
