{
    "__comment": "Made with TheDestruc7i0n's advancements generator: https://advancements.thedestruc7i0n.ca",
    "display": {
        "title": {
            "text": "Hoppin' with the force!"
        },
        "description": {
            "text": "Jump!"
        },
        "icon": {
            "item": "minecraft:rabbit_foot"
        },
        "frame": "task",
        "show_toast": true,
        "announce_to_chat": true,
        "hidden": false
    },
    "criteria": {
        "impossible": {
            "trigger": "minecraft:impossible"
        }
    },
    "parent": "starwarspack:l_force_pull"
}
