{
    "__comment": "Made with TheDestruc7i0n's advancements generator: https://advancements.thedestruc7i0n.ca",
    "display": {
        "title": {
            "text": "Padawan"
        },
        "description": {
            "text": "The start of your jedi traning"
        },
        "icon": {
            "item": "minecraft:diamond"
        },
        "frame": "task",
        "show_toast": true,
        "announce_to_chat": false,
        "hidden": false
    },
    "criteria": {
        "impossible": {
            "trigger": "minecraft:impossible"
        }
    },
    "parent": "starwarspack:l_jedi_initiate"
}
