{
    "pools": [
        {
            "rolls": 1,
            "entries": [
                {
                    "type": "minecraft:item",
                    "name": "minecraft:item_frame",
                    "functions": [
                        {
                            "function": "minecraft:set_nbt",
                            "tag": "{CustomModelData: 2220203,EntityTag:{Silent:1b,Tags:[\"starwarspack.block.e-web\"],Item:{id:\"minecraft:item_frame\",Count:1b,tag:{CustomModelData:2220203}},Invulnerable:1b,Invisible:1b,Fixed:1b}}"
                        },
                        {
                            "function": "minecraft:set_nbt",
                            "tag": "{ctc: {id: 'e-web', from: 'hexuar:starwarspack', traits: {'block': 1b}}}"
                        },
                        {
                          "function": "minecraft:set_name",
                          "name": {
                            "translate": "item.starwarspack.e-web",
                            "italic": false,
                            "color": "white"
                          }
                        },
                        {
                          "function": "minecraft:set_lore",
                          "lore": [
                            {
                              "translate": "pack.starwarspack",
                              "color": "blue",
                              "italic": true
                            }
                          ]
                        }
                    ]
                }
            ]
        }
    ]
}