{
  "starts": [
    "minecraft:pillager_outpost",
    "minecraft:stronghold",
    "minecraft:ruined_portal"
    
  ],
  "spawners": {
    "water_ambient": [],
    "ambient": [
    {
        "type": "minecraft:rabbit",
        "weight": 1,
        "minCount": 1,
        "maxCount": 1
    }  
    ],
    "misc": [],
    "water_creature": [],
    "creature": [],
    "monster": []
  },
  "spawn_costs": {},
  "surface_builder": "minecraft:endor",
  "carvers": {
    "air": [
      "minecraft:cave",
      "minecraft:canyon"
    ]
  },
  "features": [
    [],
    [
      "minecraft:lake_water",
      "minecraft:lake_lava"
    ],
    [
      "minecraft:forest_rock"
    ],
    [],
    [],
    [],
    [
      "minecraft:ore_dirt",
      "minecraft:ore_gravel",
      "minecraft:ore_granite",
      "minecraft:ore_diorite",
      "minecraft:ore_andesite",
      "minecraft:ore_iron",
      "minecraft:ore_gold",
      "minecraft:ore_redstone",
      "minecraft:ore_diamond",
      "minecraft:ore_lapis",
      "minecraft:disk_sand",
      "minecraft:disk_clay",
      "minecraft:disk_gravel"
    ],
    [],
    [      
      "minecraft:trees_giant",
      "minecraft:trees_jungle",
      "minecraft:trees_giant_spruce",
      "minecraft:patch_grass_jungle",
      "minecraft:patch_large_fern",
      "minecraft:patch_grass_jungle",
      "minecraft:vines"
    ],
    []
  ],
  "scale": 0.9,
  "temperature": 0.5,
  "downfall": 0.5,
  "effects": {
    "mood_sound": {
      "sound": "minecraft:ambient.cave",
      "tick_delay": 6000,
      "block_search_extent": 8,
      "offset": 2.0
    },
    "sky_color": 4159204,  
    "fog_color": 16777215,
    "water_color": 4159204,
    "water_fog_color": 4159204,
    "grass_color": 7979098,
    "foliage_colour": 9353585
},
  "precipitation": "none",
  "player_spawn_friendly": false,
  "category": "none",
  "depth": 0.1
}