{
    "__comment": "Made with TheDestruc7i0n's advancements generator: https://advancements.thedestruc7i0n.ca",
    "display": {
        "title": {
            "text": "Stormtrooper",
            "color": "red"
        },
        "description": {
            "text": "The Empires noble troops"
        },
        "icon": {
            "item": "minecraft:carved_pumpkin",
            "nbt": "{CustomModelData:274658}"
        },
        "frame": "task",
        "show_toast": true,
        "announce_to_chat": true,
        "hidden": false,
        "background": "minecraft:textures/gui/advancements/backgrounds/stone.png"
    },
    "criteria": {
        "Trigger": {
            "trigger": "minecraft:impossible"
        }
    }
}