{
    "pools": [
        {
            "rolls": 1,
            "entries": [
                {
                    "type": "item",
                    "weight": 1,
                    "name": "minecraft:carrot_on_a_stick",
                    "functions": [
                        {
                            "function": "set_nbt",
                            "tag": "{display:{Name:'{\"text\":\"Darth Vader boss Lightsaber\",\"italic\":false}'},CustomModelData:10001,lightsaber_red_on:0b,lightsaber:1b}"
                        }
                    ]
                }
            ]
        },
        {
            "rolls": 1,
            "entries": [
                {
                    "type": "item",
                    "weight": 1,
                    "name": "minecraft:honeycomb",
                    "functions": [
                        {
                            "function": "set_nbt",
                            "tag": "{display:{Name:'{\"text\":\"Black Kyber Crystal\",\"italic\":false}'},CustomModelData:851353,black_kyber_crystal:1b}"
                        }
                    ]
                },
                {
                    "type": "item",
                    "weight": 1,
                    "name": "minecraft:honeycomb",
                    "functions": [
                        {
                            "function": "set_nbt",
                            "tag": "{display:{Name:'{\"text\":\"Blue Kyber Crystal\",\"italic\":false}'},CustomModelData:375835,blue_kyber_crystal:1b}"
                        }
                    ]
                },
                {
                    "type": "item",
                    "weight": 1,
                    "name": "minecraft:honeycomb",
                    "functions": [
                        {
                            "function": "set_nbt",
                            "tag": "{display:{Name:'{\"text\":\"Green Kyber Crystal\",\"italic\":false}'},CustomModelData:493057,green_kyber_crystal:1b}"
                        }
                    ]
                },
                {
                    "type": "item",
                    "weight": 1,
                    "name": "minecraft:honeycomb",
                    "functions": [
                        {
                            "function": "set_nbt",
                            "tag": "{display:{Name:'{\"text\":\"Orange Kyber Crystal\",\"italic\":false}'},CustomModelData:735913,orange_kyber_crystal:1b}"
                        }
                    ]
                },
                {
                    "type": "item",
                    "weight": 1,
                    "name": "minecraft:honeycomb",
                    "functions": [
                        {
                            "function": "set_nbt",
                            "tag": "{display:{Name:'{\"text\":\"Purple Kyber Crystal\",\"italic\":false}'},CustomModelData:598374,purple_kyber_crystal:1b}"
                        }
                    ]
                },
                {
                    "type": "item",
                    "weight": 1,
                    "name": "minecraft:honeycomb",
                    "functions": [
                        {
                            "function": "set_nbt",
                            "tag": "{display:{Name:'{\"text\":\"Red Kyber Crystal\",\"italic\":false}'},CustomModelData:227641,red_kyber_crystal:1b}"
                        }
                    ]
                },
                {
                    "type": "item",
                    "weight": 1,
                    "name": "minecraft:honeycomb",
                    "functions": [
                        {
                            "function": "set_nbt",
                            "tag": "{display:{Name:'{\"text\":\"White Kyber Crystal\",\"italic\":false}'},CustomModelData:154930,white_kyber_crystal:1b}"
                        }
                    ]
                },
                {
                    "type": "item",
                    "weight": 1,
                    "name": "minecraft:honeycomb",
                    "functions": [
                        {
                            "function": "set_nbt",
                            "tag": "{display:{Name:'{\"text\":\"Yellow Kyber Crystal\",\"italic\":false}'},CustomModelData:634144,yellow_kyber_crystal:1b}"
                        }
                    ]
                }
            ]
        },
        {
            "rolls": 1,
            "entries": [
                {
                    "type": "item",
                    "weight": 1,
                    "name": "minecraft:command_block",
                    "functions": [
                        {
                            "function": "set_nbt",
                            "tag": "{boss2dead:1b}"
                        }
                    ]
                }
            ]
        }
    ]
}