{
    "__comment": "Made with TheDestruc7i0n's advancements generator: https://advancements.thedestruc7i0n.ca",
    "display": {
        "title": {
            "text": "Heavilly armed"
        },
        "description": {
            "text": "Get that helmet"
        },
        "icon": {
            "item": "minecraft:carved_pumpkin",
            "nbt": "{CustomModelData:274658}"
        },
        "frame": "task",
        "show_toast": true,
        "announce_to_chat": true,
        "hidden": false
    },
    "criteria": {
        "Trigger": {
            "trigger": "minecraft:inventory_changed",
            "conditions": {
                "items": [
                    {
                        "item": "minecraft:carved_pumpkin",
                        "nbt": "{CustomModelData:274658}",
                        "count": {
                            "min": 1,
                            "max": 1
                        }
                    }
                ]
            }
        }
    },
    "parent": "sw:s_fire_blaster"
}