{
  "pools": [
    {
      "rolls": 1,
      "entries": [
        {
          "type": "minecraft:item",
          "name": "minecraft:diamond_sword",
          "functions": [
            {
              "function": "minecraft:set_nbt",
              "tag": "{CustomModelData:2220202}"
            },
            {
              "function": "minecraft:set_nbt",
              "tag": "{ctc: {id: 'sith_sword', from: 'hexuar:starwarspack', traits: {'item': 1b, 'tool/weapon': 1b}}}"
            },
            {
              "function": "minecraft:set_name",
              "name": {
                "translate": "item.starwarspack.sith_sword",
                "color": "white",
                "italic": false
              }
            },
            {
              "function": "minecraft:set_lore",
              "lore": [
                {
                  "translate": "pack.starwarspack",
                  "color": "blue",
                  "italic": false
                }
              ]
            },
            {
              "function": "minecraft:set_enchantments",
              "enchantments": {
                "minecraft:sharpness": 6,
                "minecraft:knockback": 2,
                "minecraft:fire_aspect": 2,
                "minecraft:looting": 3,
                "minecraft:sweeping": 3
              }
            }
          ]
        }
      ]
    }
  ]
}
