{
  "pools": [
    {
      "rolls": 1,
      "entries": [
        {
          "type": "minecraft:item",
          "name": "minecraft:written_book",
          "functions": [
            {
              "function": "minecraft:set_nbt",
              "tag": "{CustomModelData:2220201}"
            },
            {
              "function": "minecraft:set_nbt",
              "tag": "{ctc: {id: 'tutorial_book', from: 'hexuar:starwarspack', traits: {'item': 1b}}}"
            },
            {
              "function": "minecraft:set_name",
              "name": {
                "translate": "item.starwarspack.tutorial_book",
                "color": "white",
                "italic": false
              }
            },
            {
              "function": "minecraft:set_lore",
              "lore": [
                {
                  "translate": "pack.starwarspack",
                  "color": "blue",
                  "italic": false
                }
              ]
            },
            {
              "function": "minecraft:set_nbt",
              "tag": "{pages:['[\"\",{\"text\":\" \\\\u0020 \\\\u0020 Introduction\",\"bold\":true},{\"text\":\"\\\\n\\\\nThank you for installing the Star Wars datapack!\\\\n\\\\nWelcome to the star wars pack tutorial book, this book will teach you all you need to know about how to use the datapack.\",\"color\":\"reset\"}]','[\"\",{\"text\":\"Enable unicode font to be able to read the book fully (options>language>force unicode font)\"}]','[\"\",{\"text\":\"Table of contents\",\"bold\":true},{\"text\":\"\\\\n\\\\n\",\"color\":\"reset\"},{\"text\":\"\\\\u2022Getting started\",\"clickEvent\":{\"action\":\"change_page\",\"value\":\"4\"}},{\"text\":\"\\\\n\"},{\"text\":\"\\\\u2022Crafting\",\"clickEvent\":{\"action\":\"change_page\",\"value\":\"11\"}},{\"text\":\"\\\\n\"},{\"text\":\"\\\\u2022Weapons Table\",\"clickEvent\":{\"action\":\"change_page\",\"value\":\"21\"}},{\"text\":\"\\\\n\"},{\"text\":\"\\\\u2022Ship Constructor\",\"clickEvent\":{\"action\":\"change_page\",\"value\":\"23\"}},{\"text\":\"\\\\n\"},{\"text\":\"\\\\u2022Lightsaber Forge\",\"clickEvent\":{\"action\":\"change_page\",\"value\":\"26\"}},{\"text\":\"\\\\n\"},{\"text\":\"\\\\u2022Paths\",\"clickEvent\":{\"action\":\"change_page\",\"value\":\"29\"}},{\"text\":\"\\\\n\"},{\"text\":\"\\\\u2022Force powers\",\"clickEvent\":{\"action\":\"change_page\",\"value\":\"31\"}},{\"text\":\"\\\\n\"},{\"text\":\"\\\\u2022E-Web\",\"clickEvent\":{\"action\":\"change_page\",\"value\":\"32\"}},{\"text\":\"\\\\n\"},{\"text\":\"\\\\u2022Troops\",\"clickEvent\":{\"action\":\"change_page\",\"value\":\"33\"}},{\"text\":\"\\\\n\"},{\"text\":\"\\\\u2022Coins\",\"clickEvent\":{\"action\":\"change_page\",\"value\":\"34\"}},{\"text\":\"\\\\n\"},{\"text\":\"\\\\u2022War\",\"clickEvent\":{\"action\":\"change_page\",\"value\":\"36\"}}]','[\"\",{\"text\":\"Getting started\",\"bold\":true},{\"text\":\"\\\\n\\\\nIf you\\'re new to the datapack and want to learn how to get going with the datapack, this is the chapter for you. Here you can follow along the book while playing, and at the end you should know most of what you need to know when playing with the pack.\",\"color\":\"reset\"}]','[\"\",{\"text\":\"The very first thing you need to do when getting started is choosing your \"},{\"text\":\"path\",\"bold\":true,\"clickEvent\":{\"action\":\"change_page\",\"value\":\"29\"}},{\"text\":\".\\\\nWhen you have chosen your path you will be able to slowly progress as you keep playing. \\\\n\\\\u2192\",\"color\":\"reset\"}]','[\"\",{\"text\":\"Next up you will need to get yourself a weapon. Blasters can be obtained by either crafting in a \"},{\"text\":\"weapons table\",\"bold\":true,\"clickEvent\":{\"action\":\"change_page\",\"value\":\"21\"}},{\"text\":\" or trading with merchants. Right now you should get yourself setup with a weapons table, but later on we will show you how to summon a merchant as well.\\\\n\\\\u2192\",\"color\":\"reset\"}]','[\"\",{\"text\":\"After getting a weapons table and a blaster, you should now focus on getting some more \"},{\"text\":\"starwarspack.credits\",\"bold\":true,\"clickEvent\":{\"action\":\"change_page\",\"value\":\"34\"}},{\"text\":\", as you might have noticed there are some numbers above your hotbar. These indicate your level of skill on your path and the current amount of starwarspack.credits stored on your account.\\\\n\\\\u2192\",\"color\":\"reset\"}]','{\"text\":\"In order to gain starwarspack.credits you will need to kill mobs. For every mob killed you will get 1 credit. You now need to save up 100 starwarspack.credits in order to summon a merchant. Merchants are basically villagers with a new profession.\\\\n\\\\u2192\"}','{\"text\":\"In order to summon your merchant you will need to throw a 100 starwarspack.credits coin onto a villager. The villager will then become a merchant and will no longer move. Depending on what path you have chosen, the merchant can also become one of three types, the stormtrooper merchant, rebel merchant and bounty hunter merchant. \\\\u2192\"}','[\"\",{\"text\":\"The merchant will then make it possible for you to earn many more starwarspack.credits by trading either diamonds or emeralds. Here you can also buy custom blasters, \"},{\"text\":\"E-Web\\'s\",\"bold\":true,\"clickEvent\":{\"action\":\"change_page\",\"value\":\"32\"}},{\"text\":\" and \",\"color\":\"reset\"},{\"text\":\"troops\",\"bold\":true,\"clickEvent\":{\"action\":\"change_page\",\"value\":\"33\"}},{\"text\":\". Next you will probably want to get a ship with the \",\"color\":\"reset\"},{\"text\":\"ship constructor\",\"bold\":true,\"clickEvent\":{\"action\":\"change_page\",\"value\":\"23\"}},{\"text\":\" and perhaps also a lightsaber from the \",\"color\":\"reset\"},{\"text\":\"lightsaber forge\",\"bold\":true,\"clickEvent\":{\"action\":\"change_page\",\"value\":\"26\"}},{\"text\":\"\\\\n \",\"color\":\"reset\"}]','[\"\",{\"text\":\"Crafting\",\"bold\":true},{\"text\":\"\\\\n\\\\n\",\"color\":\"reset\"},{\"text\":\"\\\\u2022Lightsaber Pommel\",\"clickEvent\":{\"action\":\"change_page\",\"value\":\"12\"}},{\"text\":\"\\\\n\"},{\"text\":\"\\\\u2022Lightsaber Body\",\"clickEvent\":{\"action\":\"change_page\",\"value\":\"13\"}},{\"text\":\"\\\\n\"},{\"text\":\"\\\\u2022Kyber Crystal\",\"clickEvent\":{\"action\":\"change_page\",\"value\":\"14\"}},{\"text\":\"\\\\n\"},{\"text\":\"\\\\u2022Laser/Bomb key\",\"clickEvent\":{\"action\":\"change_page\",\"value\":\"15\"}},{\"text\":\"\\\\n\"},{\"text\":\"\\\\u2022Engine lvl1\",\"clickEvent\":{\"action\":\"change_page\",\"value\":\"16\"}},{\"text\":\"\\\\n\"},{\"text\":\"\\\\u2022Engine lvl2\",\"clickEvent\":{\"action\":\"change_page\",\"value\":\"17\"}},{\"text\":\"\\\\n\"},{\"text\":\"\\\\u2022Engine lvl3\",\"clickEvent\":{\"action\":\"change_page\",\"value\":\"18\"}},{\"text\":\"\\\\n\"},{\"text\":\"\\\\u2022Hyperdrive\",\"clickEvent\":{\"action\":\"change_page\",\"value\":\"19\"}},{\"text\":\"\\\\n\"},{\"text\":\"\\\\u2022Speeder body\",\"clickEvent\":{\"action\":\"change_page\",\"value\":\"20\"}}]','[\"\",{\"text\":\"Lightsaber Pommel\",\"bold\":true},{\"text\":\"\\\\n\\\\n\",\"color\":\"reset\"},{\"text\":\"Recipe:\",\"italic\":true},{\"text\":\"\\\\n| I | G | I |\\\\n| I | N | I |\\\\n| I | G | I |\\\\n\\\\n\",\"color\":\"reset\"},{\"text\":\"Key:\",\"italic\":true},{\"text\":\"\\\\nI: Iron Nugget\\\\nG: Gold Ingot\\\\nN: Netherite Ingot\",\"color\":\"reset\"}]','[\"\",{\"text\":\"Lightsaber Body\",\"bold\":true},{\"text\":\"\\\\n\\\\n\",\"color\":\"reset\"},{\"text\":\"Recipe:\",\"italic\":true},{\"text\":\"\\\\n| I | R | I |\\\\n| G | N | G |\\\\n| I | R | I |\\\\n\\\\n\",\"color\":\"reset\"},{\"text\":\"Key:\",\"italic\":true},{\"text\":\"\\\\nI: Iron Nugget\\\\nG: Gold Nugget\\\\nR: Redstone Dust\\\\nN: Netherite Ingot\",\"color\":\"reset\"}]','[\"\",{\"text\":\"Kyber Crystal\",\"bold\":true},{\"text\":\"\\\\n\\\\n\",\"color\":\"reset\"},{\"text\":\"Recipe:\",\"italic\":true},{\"text\":\"\\\\n| E | D | E |\\\\n| D | N | D |\\\\n| E | D | E |\\\\n\\\\n\",\"color\":\"reset\"},{\"text\":\"Key:\",\"italic\":true},{\"text\":\"\\\\nE: Emerald Block\\\\nD: Diamond Block\\\\nN: Nether Star\",\"color\":\"reset\"}]','[\"\",{\"text\":\"Laser/Bomb Key\",\"bold\":true},{\"text\":\"\\\\n\\\\n\",\"color\":\"reset\"},{\"text\":\"Recipe:\",\"italic\":true},{\"text\":\"\\\\n| \\\\u0020| N | \\\\u0020|\\\\n| \\\\u0020| I | \\\\u0020|\\\\n| \\\\u0020| T | \\\\u0020|\\\\n\\\\n\",\"color\":\"reset\"},{\"text\":\"Key:\",\"italic\":true},{\"text\":\"\\\\nN: Iron nugget\\\\nI: Iron Ingot\\\\nT: TNT (For bomb key)\",\"color\":\"reset\"}]','[\"\",{\"text\":\"Engine lvl1\",\"bold\":true},{\"text\":\"\\\\n\\\\n\",\"color\":\"reset\"},{\"text\":\"Recipe:\",\"italic\":true},{\"text\":\"\\\\n| I | R | I |\\\\n| R | D | R |\\\\n| I | R | I |\\\\n\\\\n\",\"color\":\"reset\"},{\"text\":\"Key:\",\"italic\":true},{\"text\":\"\\\\nI: Iron Block\\\\nR: Redstone Dust\\\\nD: Daylight Detector\",\"color\":\"reset\"}]','[\"\",{\"text\":\"Engine lvl2\",\"bold\":true},{\"text\":\"\\\\n\\\\n\",\"color\":\"reset\"},{\"text\":\"Recipe:\",\"italic\":true},{\"text\":\"\\\\n| I | R | I |\\\\n| d | D | d |\\\\n| I | R | I |\\\\n\\\\n\",\"color\":\"reset\"},{\"text\":\"Key:\",\"italic\":true},{\"text\":\"\\\\nI: Iron Block\\\\nR: Redstone Dust\\\\nD: Daylight Detector\\\\nd: Diamond\",\"color\":\"reset\"}]','[\"\",{\"text\":\"Engine lvl3\",\"bold\":true},{\"text\":\"\\\\n\\\\n\",\"color\":\"reset\"},{\"text\":\"Recipe:\",\"italic\":true},{\"text\":\"\\\\n| I | R | I |\\\\n| d | D | d |\\\\n| I | R | I |\\\\n\\\\n\",\"color\":\"reset\"},{\"text\":\"Key:\",\"italic\":true},{\"text\":\"\\\\nI: Iron Block\\\\nR: Redstone Dust\\\\nD: Daylight Detector\\\\nd: Diamond Block\",\"color\":\"reset\"}]','[\"\",{\"text\":\"Hyperdrive\",\"bold\":true},{\"text\":\"\\\\n\\\\n\",\"color\":\"reset\"},{\"text\":\"Recipe:\",\"italic\":true},{\"text\":\"\\\\n| R | E | R |\\\\n| D | C | D |\\\\n| O | B | O |\\\\n\\\\n\",\"color\":\"reset\"},{\"text\":\"Key:\",\"italic\":true},{\"text\":\"\\\\nR: Repeater\\\\nE: Eye of Ender\\\\nD: Diamond\\\\nC: End Crystal\\\\nO: Observer\\\\nB: Blast Furnace\",\"color\":\"reset\"}]','[\"\",{\"text\":\"Speeder Body\",\"bold\":true},{\"text\":\"\\\\n\\\\n\",\"color\":\"reset\"},{\"text\":\"Recipe:\",\"italic\":true},{\"text\":\"\\\\n| \\\\u0020| \\\\u0020| D |\\\\n| I | I | I |\\\\n| \\\\u0020| C | R |\\\\n\\\\n\",\"color\":\"reset\"},{\"text\":\"Key:\",\"italic\":true},{\"text\":\"\\\\nI: Iron Ingot\\\\nD: Redstone Dust\\\\nR: Repeater\\\\nC: Coal Block\",\"color\":\"reset\"}]','[\"\",{\"text\":\"Weapons Table\",\"bold\":true},{\"text\":\"\\\\n\\\\nThe weapons table is the block you need in order to be able to craft blasters and grenades. It is crafted by throwing a diamond onto an iron block.\\\\n\\\\u2192\",\"color\":\"reset\"}]','{\"text\":\"To craft a weapon, simply insert 8 iron ingots, 1 diamond and if you want a blaster (sniper, flamethrower and rocket launcher don\\'t count) you can put in either a light blue, red or lime dye as well.Then in order to craft, simply select your weapon and press the hammer button.\\\\n \"}','[\"\",{\"text\":\"Ship Constructor\",\"bold\":true},{\"text\":\"\\\\n\\\\nThe ship constructor is what you will be able to use in order to craft your very own ships. It is constructed by throwing 1 netherite scrap onto a smooth stone block.\\\\n\\\\u2192\",\"color\":\"reset\"}]','{\"text\":\"To craft a ship, you need to insert 8 iron blocks, an engine and a hyperdrive. The engine level and hyperdrive is determined by the ship type, listed on the next page.\\\\n\\\\u2192\\\\n\\\\n\\\\n\\\\n\\\\n\\\\n \"}','[\"\",{\"text\":\"Type| Engine |Hyperdrive\\\\n\\\\nTIE Fighter:\",\"underlined\":true},{\"text\":\" 1 No\\\\n\",\"color\":\"reset\"},{\"text\":\"TIE Advanced x1\",\"underlined\":true},{\"text\":\": 2 Yes\\\\n\",\"color\":\"reset\"},{\"text\":\"TIE Advanced v1\",\"underlined\":true},{\"text\":\": 2 No\\\\n\",\"color\":\"reset\"},{\"text\":\"TIE Bomber\",\"underlined\":true},{\"text\":\": 1 No\\\\n\",\"color\":\"reset\"},{\"text\":\"TIE Shuttle\",\"underlined\":true},{\"text\":\": 1 No\\\\n\",\"color\":\"reset\"},{\"text\":\"TIE Interceptor\",\"underlined\":true},{\"text\":\": 3 No\\\\n\",\"color\":\"reset\"},{\"text\":\"TIE Defender\",\"underlined\":true},{\"text\":\": 3 Yes\\\\n\",\"color\":\"reset\"},{\"text\":\"TIE Striker\",\"underlined\":true},{\"text\":\": 3 No\\\\n\",\"color\":\"reset\"},{\"text\":\"Aethersprite\",\"underlined\":true},{\"text\":\": 2 No\\\\n\",\"color\":\"reset\"},{\"text\":\"X-Wing\",\"underlined\":true},{\"text\":\": 1 No\\\\n\",\"color\":\"reset\"},{\"text\":\"Jedi Interceptor\",\"underlined\":true},{\"text\":\": 3 No\",\"color\":\"reset\"}]','[\"\",{\"text\":\"Lightsaber Forge\",\"bold\":true},{\"text\":\"\\\\n\\\\nThe lightsaber forge is every jedi and sith\\'s most important block, as this is what will enable you to construct a lightsaber of your own.\\\\nIt is created by throwing a netherite ingot onto a diamond block with an iron block on all four of its sides.\\\\n\\\\u2192\",\"color\":\"reset\"}]','{\"text\":\"To color a kyber crystal in the lightsaber forge, you will need to put three dye of the same color in the three slots to the right. Then place a white kyber crystal in the slot below and it will be colored. Keep in mind that not all colors will work and the blue/green kyber crystals require light blue/lime dye. \\\\u2192\"}','{\"text\":\"To craft a lightsaber, you need to put a pommel, body and crystal into the slots to the left. Then press the hammer icon to craft. Double lightsabers are crafted using double the ingredients and the crossguard lightsaber is crafted with an extra body.\"}','[\"\",{\"text\":\"Paths\",\"bold\":true},{\"text\":\"\\\\n\\\\nA path is choosing what kind of person you want to play like. A Jedi or Sith, Stormtrooper or Rebel, or maybe a neutral Bounty hunter.\\\\n\\\\nYou assign yourself one of these roles by typing one of the following commands or simply pressing the text\\\\u2192\",\"color\":\"reset\"}]','[\"\",{\"text\":\"/trigger light_side\",\"bold\":true,\"clickEvent\":{\"action\":\"run_command\",\"value\":\"/trigger light_side\"}},{\"text\":\"\\\\n\",\"bold\":true},{\"text\":\"/trigger dark_side\",\"bold\":true,\"clickEvent\":{\"action\":\"run_command\",\"value\":\"/trigger dark_side\"}},{\"text\":\"\\\\n\",\"bold\":true},{\"text\":\"/trigger rebel_trooper\",\"bold\":true,\"clickEvent\":{\"action\":\"run_command\",\"value\":\"/trigger rebel_trooper\"}},{\"text\":\"\\\\n\",\"bold\":true},{\"text\":\"/trigger stormtrooper\",\"bold\":true,\"clickEvent\":{\"action\":\"run_command\",\"value\":\"/trigger stormtrooper\"}},{\"text\":\"\\\\n\",\"bold\":true},{\"text\":\"/trigger bounty_hunter\",\"bold\":true,\"clickEvent\":{\"action\":\"run_command\",\"value\":\"/trigger bounty_hunter\"}}]','[\"\",{\"text\":\"Force Powers\",\"bold\":true},{\"text\":\"\\\\n\\\\nIf you play as a jedi or sith, you unlock force abilities as you level up. In order to use these, you need to type \",\"color\":\"reset\"},{\"text\":\"/trigger Force_\",\"bold\":true},{\"text\":\"(ability) \",\"bold\":true,\"color\":\"red\",\"hoverEvent\":{\"action\":\"show_text\",\"contents\":\"Replace with the force power you want\"}},{\"text\":\"\\\\nIf your level is high enough you will then get a scroll which you can right-click to use.\",\"color\":\"reset\"}]','[\"\",{\"text\":\"E-Web\",\"bold\":true},{\"text\":\"\\\\n\\\\nThe E-Web is a block that can be bought at the stormtrooper/rebel merchant. When placed down, you can take control over the E-Web by sneaking and looking in the direction you want to fire.\",\"color\":\"reset\"}]','[\"\",{\"text\":\"Troops\",\"bold\":true},{\"text\":\"\\\\n\\\\nTroops are items bought at the stormtrooper/rebel merchant and when right-clicked will summon npc\\'s that will be loyal to the nearest player and attack whatever the player attacks. These units will however attack their opposites unprovoked. (Droids vs Clones)\",\"color\":\"reset\"}]','[\"\",{\"text\":\"Coins (starwarspack.credits)\",\"bold\":true},{\"text\":\"\\\\n\\\\nstarwarspack.credits are the currency of the datapack. Every player has a personal account with their starwarspack.credits. These starwarspack.credits can be withdrawn from the account and given to the player in the form of items by using \",\"color\":\"reset\"},{\"text\":\"/trigger starwarspack.c_withdraw_\",\"bold\":true},{\"text\":\"(amount)\",\"bold\":true,\"color\":\"red\",\"hoverEvent\":{\"action\":\"show_text\",\"contents\":\"Insert 10, 100 or 1000 here\"}},{\"text\":\"\\\\n\\\\u2192\",\"color\":\"reset\"}]','[\"\",{\"text\":\"The credit items can also be deposited into the account (provided the player has enough credis on hand) by running \"},{\"text\":\"/trigger starwarspack.c_deposit_\",\"bold\":true},{\"text\":\"(amount)\",\"bold\":true,\"color\":\"red\",\"hoverEvent\":{\"action\":\"show_text\",\"contents\":\"Insert 10, 100 or 1000 here\"}}]','[\"\",{\"text\":\"War\\\\n\\\\n\",\"bold\":true},{\"text\":\"/trigger enter_war\",\"bold\":true,\"clickEvent\":{\"action\":\"run_command\",\"value\":\"/trigger enter_war\"}},{\"text\":\"\\\\n\",\"color\":\"reset\"},{\"text\":\"To start a new war or join an existing one\",\"italic\":true},{\"text\":\"\\\\n\",\"color\":\"reset\"},{\"text\":\"/trigger leave_war\",\"bold\":true,\"clickEvent\":{\"action\":\"run_command\",\"value\":\"/trigger leave_war\"}},{\"text\":\"\\\\n\",\"color\":\"reset\"},{\"text\":\"To leave the war\",\"italic\":true},{\"text\":\"\\\\n\\\\nWhen a war is started, it will automatically be Jedi & Rebels vs Sith & Stormtroopers\\\\n \",\"color\":\"reset\"}]','{\"text\":\"First to killing 25 of the other team\\'s players that have also joined the war wins the war and gains starwarspack.credits and levels for their path. The losers will lose these things.\\\\n\\\\nBounty hunters can join wars but won\\'t contribute points to any team.\"}'],title:\"Guide to the stars\",author:\"Star Wars Pack\"}"
            }
          ]
        }
      ]
    }
  ]
}
