{
    "pools": [
      {
        "rolls": 1,
        "entries": [
          {
            "type": "minecraft:item",
            "name": "minecraft:carrot_on_a_stick",
            "functions": [
              {
                "function": "minecraft:set_nbt",
                "tag": "{display:{Name:'{\"text\":\"Darth Maul boss Lightsaber\",\"italic\":false}'},CustomModelData:2220216,ctc:{id: 'red_double_lightsaber',from:'hexuar:starwarspack'},starwarspack:{on: 0b},lightsaber:1b}"
              }
            ]
          }
        ]
      },
      {
        "rolls": 1,
        "entries": [
          {
            "type": "minecraft:loot_table",
            "name": "starwarspack:items/kyber_crystal/random"
          }
        ]
       },
      {
        "rolls": 1,
        "entries": [
          {
            "type": "minecraft:item",
            "name": "minecraft:command_block",
            "functions": [
              {
                "function": "minecraft:set_nbt",
                "tag": "{starwarspack.boss1dead:1b}"
              }
            ]
          }
        ]
      }
    ]
  }  