{
    "__comment": "Made with TheDestruc7i0n's advancements generator: https://advancements.thedestruc7i0n.ca",
    "display": {
        "title": {
            "text": "Force choke!"
        },
        "description": {
            "text": "'Strong people don't put others down. They lift them up'"
        },
        "icon": {
            "item": "minecraft:fishing_rod"
        },
        "frame": "task",
        "show_toast": true,
        "announce_to_chat": true,
        "hidden": false
    },
    "criteria": {
        "impossible": {
            "trigger": "minecraft:impossible"
        }
    },
    "parent": "sw:d_force_leap"
}