{
    "__comment": "Made with TheDestruc7i0n's advancements generator: https://advancements.thedestruc7i0n.ca",
    "display": {
        "title": {
            "text": "The Dark Side",
            "color": "red",
            "bold": false
        },
        "description": {
            "text": "The journey of the sith"
        },
        "icon": {
            "item": "minecraft:red_banner"
        },
        "frame": "task",
        "show_toast": true,
        "announce_to_chat": true,
        "hidden": false,
        "background": "minecraft:textures/gui/advancements/backgrounds/stone.png"
    },
    "criteria": {
        "impossible": {
            "trigger": "minecraft:impossible"
        }
    }
}